2018-12-11 00:07:04.481799,48.9166666667
2018-12-11 00:07:05.491645,47.8333333333
2018-12-11 00:07:06.502129,47.75
2018-12-11 00:07:07.509776,48.75
2018-12-11 00:07:08.518752,48.4166666667
2018-12-11 00:07:09.527823,48.0833333333
2018-12-11 00:07:10.537196,47.6666666667
2018-12-11 00:07:11.548070,47.5833333333
2018-12-11 00:07:12.556024,48.25
2018-12-11 00:07:13.566674,47.8333333333
2018-12-11 00:07:14.577026,48.4166666667
2018-12-11 00:07:15.586110,48.0
2018-12-11 00:07:16.596069,47.75
2018-12-11 00:07:17.606853,48.1666666667
2018-12-11 00:07:18.617326,51.75
2018-12-11 00:07:19.626624,48.25
2018-12-11 00:07:20.635445,52.0
2018-12-11 00:07:21.645292,48.0
2018-12-11 00:07:22.652106,53.4166666667
2018-12-11 00:07:23.661927,48.3333333333
2018-12-11 00:07:24.670371,50.25
2018-12-11 00:07:25.680113,48.4166666667
2018-12-11 00:07:26.689613,48.9166666667
2018-12-11 00:07:27.699893,48.4166666667
2018-12-11 00:07:28.708008,52.0833333333
2018-12-11 00:07:29.719320,48.5833333333
2018-12-11 00:07:30.727961,49.8333333333
2018-12-11 00:07:31.738475,48.6666666667
2018-12-11 00:07:32.747875,49.3333333333
2018-12-11 00:07:33.761637,48.75
2018-12-11 00:07:34.770922,49.25
2018-12-11 00:07:35.780794,48.8333333333
2018-12-11 00:07:36.790564,49.0833333333
2018-12-11 00:07:37.799952,48.8333333333
2018-12-11 00:07:38.807770,53.0833333333
2018-12-11 00:07:39.819035,48.9166666667
2018-12-11 00:07:40.828619,49.5833333333
2018-12-11 00:07:41.837327,49.1666666667
2018-12-11 00:07:42.847184,49.4166666667
2018-12-11 00:07:43.856234,48.75
2018-12-11 00:07:44.866590,49.5833333333
2018-12-11 00:07:45.877387,48.4166666667
2018-12-11 00:07:46.887495,49.4166666667
2018-12-11 00:07:47.897305,49.0
2018-12-11 00:07:48.907464,49.1666666667
2018-12-11 00:07:49.916616,49.0833333333
2018-12-11 00:07:50.926000,49.0
2018-12-11 00:07:51.935814,49.0
2018-12-11 00:07:52.945574,49.8333333333
2018-12-11 00:07:53.956306,49.0
2018-12-11 00:07:54.966907,49.1666666667
2018-12-11 00:07:55.976216,49.0833333333
2018-12-11 00:07:56.985959,49.4166666667
2018-12-11 00:07:57.996426,49.1666666667
2018-12-11 00:07:59.006973,49.6666666667
2018-12-11 00:08:00.017677,48.8333333333
2018-12-11 00:08:01.026721,49.4166666667
2018-12-11 00:08:02.035952,50.1666666667
2018-12-11 00:08:03.045829,49.5833333333
2018-12-11 00:08:04.055011,49.25
2018-12-11 00:08:05.063587,50.3333333333
2018-12-11 00:08:06.073089,49.5
2018-12-11 00:08:07.083645,50.3333333333
2018-12-11 00:08:08.093374,49.3333333333
2018-12-11 00:08:09.103001,49.6666666667
2018-12-11 00:08:10.113611,49.3333333333
2018-12-11 00:08:11.123451,49.6666666667
2018-12-11 00:08:12.134178,49.3333333333
2018-12-11 00:08:13.145143,49.5833333333
2018-12-11 00:08:14.155220,50.1666666667
2018-12-11 00:08:15.165702,49.4166666667
2018-12-11 00:08:16.176176,49.75
2018-12-11 00:08:17.186234,49.8333333333
2018-12-11 00:08:18.197658,49.1666666667
2018-12-11 00:08:19.208396,49.9166666667
2018-12-11 00:08:20.218610,49.25
2018-12-11 00:08:21.228996,49.6666666667
2018-12-11 00:08:22.239785,49.5833333333
2018-12-11 00:08:23.251171,50.1666666667
2018-12-11 00:08:24.260780,49.8333333333
2018-12-11 00:08:25.269838,49.75
2018-12-11 00:08:26.278511,49.25
2018-12-11 00:08:27.289615,49.5833333333
2018-12-11 00:08:28.299337,49.5833333333
2018-12-11 00:08:29.307997,50.0833333333
2018-12-11 00:08:30.318234,49.75
2018-12-11 00:08:31.328674,50.25
2018-12-11 00:08:32.338698,49.75
2018-12-11 00:08:33.347966,50.1666666667
2018-12-11 00:08:34.358499,50.1666666667
2018-12-11 00:08:35.369437,50.0833333333
2018-12-11 00:08:36.379226,50.0
2018-12-11 00:08:37.389156,49.8333333333
2018-12-11 00:08:38.399379,49.75
2018-12-11 00:08:39.409774,49.6666666667
2018-12-11 00:08:40.420364,50.25
2018-12-11 00:08:41.430620,50.1666666667
2018-12-11 00:08:42.441061,49.9166666667
2018-12-11 00:08:43.450618,49.9166666667
2018-12-11 00:08:44.459865,50.0
2018-12-11 00:08:45.469195,50.0833333333
2018-12-11 00:08:46.479343,50.0833333333
2018-12-11 00:08:47.489098,50.5833333333
2018-12-11 00:08:48.499550,49.9166666667
2018-12-11 00:08:49.510319,56.3333333333
2018-12-11 00:08:50.520377,50.0833333333
2018-12-11 00:08:51.530876,50.6666666667
2018-12-11 00:08:52.540362,50.5833333333
2018-12-11 00:08:53.550221,50.1666666667
2018-12-11 00:08:54.560332,50.1666666667
2018-12-11 00:08:55.569957,50.5
2018-12-11 00:08:56.583699,51.3333333333
2018-12-11 00:08:57.594574,50.1666666667
2018-12-11 00:08:58.603936,52.0833333333
2018-12-11 00:08:59.614705,50.6666666667
2018-12-11 00:09:00.625663,52.0833333333
2018-12-11 00:09:01.635716,50.9166666667
2018-12-11 00:09:02.645182,53.1666666667
2018-12-11 00:09:03.654226,50.5833333333
2018-12-11 00:09:04.670432,54.9166666667
2018-12-11 00:09:05.681304,50.5833333333
2018-12-11 00:09:06.698417,54.0833333333
2018-12-11 00:09:07.708972,50.5833333333
2018-12-11 00:09:08.721122,52.5833333333
2018-12-11 00:09:09.731059,50.9166666667
2018-12-11 00:09:10.745256,52.8333333333
2018-12-11 00:09:11.758600,50.8333333333
2018-12-11 00:09:12.769931,55.75
2018-12-11 00:09:13.779936,51.0833333333
2018-12-11 00:09:14.786805,54.1666666667
2018-12-11 00:09:15.798028,50.5833333333
2018-12-11 00:09:16.806057,54.1666666667
2018-12-11 00:09:17.817236,50.75
2018-12-11 00:09:18.825494,53.5
2018-12-11 00:09:19.833095,51.25
2018-12-11 00:09:20.842762,56.5
2018-12-11 00:09:21.853484,51.4166666667
2018-12-11 00:09:22.867803,55.0833333333
2018-12-11 00:09:23.878603,51.1666666667
2018-12-11 00:09:24.887795,57.4166666667
2018-12-11 00:09:25.898376,51.1666666667
2018-12-11 00:09:26.906207,54.9166666667
2018-12-11 00:09:27.916367,51.0833333333
2018-12-11 00:09:28.925678,52.9166666667
2018-12-11 00:09:29.934923,51.25
2018-12-11 00:09:30.963216,57.75
2018-12-11 00:09:31.973820,52.4166666667
2018-12-11 00:09:32.982409,57.25
2018-12-11 00:09:33.992882,52.3333333333
2018-12-11 00:09:34.999673,56.3333333333
2018-12-11 00:09:36.009527,51.8333333333
2018-12-11 00:09:37.019699,51.25
2018-12-11 00:09:38.029945,51.4166666667
2018-12-11 00:09:39.040172,51.6666666667
2018-12-11 00:09:40.050164,51.0
2018-12-11 00:09:41.060856,51.0833333333
2018-12-11 00:09:42.070491,51.0833333333
2018-12-11 00:09:43.078754,55.3333333333
2018-12-11 00:09:44.090182,51.4166666667
2018-12-11 00:09:45.101799,51.4166666667
2018-12-11 00:09:46.112356,51.5
2018-12-11 00:09:47.123088,51.3333333333
2018-12-11 00:09:48.133937,51.5
2018-12-11 00:09:49.144401,51.25
2018-12-11 00:09:50.154780,51.0833333333
2018-12-11 00:09:51.166221,51.25
2018-12-11 00:09:52.177372,51.4166666667
2018-12-11 00:09:53.187984,52.0833333333
2018-12-11 00:09:54.198429,51.3333333333
2018-12-11 00:09:55.209263,51.25
2018-12-11 00:09:56.220616,51.25
2018-12-11 00:09:57.231009,51.3333333333
2018-12-11 00:09:58.240857,51.0
2018-12-11 00:09:59.250898,51.25
2018-12-11 00:10:00.261490,51.0833333333
2018-12-11 00:10:01.272164,51.3333333333
2018-12-11 00:10:02.283745,51.9166666667
2018-12-11 00:10:03.293667,52.0
2018-12-11 00:10:04.303308,51.6666666667
2018-12-11 00:10:05.322392,51.1666666667
2018-12-11 00:10:06.332679,51.75
2018-12-11 00:10:07.342320,51.6666666667
2018-12-11 00:10:08.353314,51.8333333333
2018-12-11 00:10:09.363763,55.0833333333
2018-12-11 00:10:10.374811,52.25
2018-12-11 00:10:11.385342,51.4166666667
2018-12-11 00:10:12.395159,51.75
2018-12-11 00:10:13.406202,51.4166666667
2018-12-11 00:10:14.416846,51.9166666667
2018-12-11 00:10:15.426098,51.9166666667
2018-12-11 00:10:16.436283,51.5
2018-12-11 00:10:17.444914,52.5
2018-12-11 00:10:18.455011,51.25
2018-12-11 00:10:19.465846,51.9166666667
2018-12-11 00:10:20.477558,51.3333333333
2018-12-11 00:10:21.488726,51.8333333333
2018-12-11 00:10:22.496859,52.0833333333
2018-12-11 00:10:23.507362,51.4166666667
2018-12-11 00:10:24.515651,52.0
2018-12-11 00:10:25.526386,51.5
2018-12-11 00:10:26.537261,51.6666666667
2018-12-11 00:10:27.546082,52.5
2018-12-11 00:10:28.557182,51.5833333333
2018-12-11 00:10:29.567555,52.5833333333
2018-12-11 00:10:30.578998,51.4166666667
2018-12-11 00:10:31.587914,52.3333333333
2018-12-11 00:10:32.597008,52.25
2018-12-11 00:10:33.607529,51.8333333333
2018-12-11 00:10:34.617650,52.3333333333
2018-12-11 00:10:35.628907,51.9166666667
2018-12-11 00:10:36.639278,51.8333333333
2018-12-11 00:10:37.649529,52.75
2018-12-11 00:10:38.658926,51.3333333333
2018-12-11 00:10:39.666870,53.5
2018-12-11 00:10:40.676389,51.8333333333
2018-12-11 00:10:41.686063,51.9166666667
2018-12-11 00:10:42.697059,52.1666666667
2018-12-11 00:10:43.707828,51.9166666667
2018-12-11 00:10:44.717200,52.3333333333
2018-12-11 00:10:45.725915,52.5833333333
2018-12-11 00:10:46.755649,51.75
2018-12-11 00:10:47.765096,52.8333333333
2018-12-11 00:10:48.779765,53.5
2018-12-11 00:10:49.790677,52.0
2018-12-11 00:10:50.807506,55.3333333333
2018-12-11 00:10:51.817892,51.6666666667
2018-12-11 00:10:52.827099,55.0833333333
2018-12-11 00:10:53.836219,52.3333333333
2018-12-11 00:10:54.843976,55.3333333333
2018-12-11 00:10:55.853243,52.9166666667
2018-12-11 00:10:56.872203,54.5
2018-12-11 00:10:57.882264,52.0833333333
2018-12-11 00:10:58.893248,55.8333333333
2018-12-11 00:10:59.903275,51.9166666667
2018-12-11 00:11:00.910631,56.0833333333
2018-12-11 00:11:01.921041,52.0833333333
2018-12-11 00:11:02.928730,55.9166666667
2018-12-11 00:11:03.938796,52.0
2018-12-11 00:11:04.946462,54.8333333333
2018-12-11 00:11:05.956005,52.1666666667
2018-12-11 00:11:06.963041,55.5
2018-12-11 00:11:07.972752,51.9166666667
2018-12-11 00:11:08.980985,56.6666666667
2018-12-11 00:11:09.990127,51.8333333333
2018-12-11 00:11:10.997308,54.1666666667
2018-12-11 00:11:12.007108,52.25
2018-12-11 00:11:13.016632,55.0833333333
2018-12-11 00:11:14.026224,51.6666666667
2018-12-11 00:11:15.036256,53.0833333333
2018-12-11 00:11:16.046424,52.0833333333
2018-12-11 00:11:17.057279,53.8333333333
2018-12-11 00:11:18.068023,51.9166666667
2018-12-11 00:11:19.078227,53.0833333333
2018-12-11 00:11:20.089615,51.5833333333
2018-12-11 00:11:21.098278,56.0
2018-12-11 00:11:22.109018,52.0833333333
2018-12-11 00:11:23.119326,52.75
2018-12-11 00:11:24.130575,52.0833333333
2018-12-11 00:11:25.140018,52.75
2018-12-11 00:11:26.150631,52.0
2018-12-11 00:11:27.162554,52.3333333333
2018-12-11 00:11:28.172627,52.25
2018-12-11 00:11:29.183087,51.9166666667
2018-12-11 00:11:30.193965,52.4166666667
2018-12-11 00:11:31.204144,51.8333333333
2018-12-11 00:11:32.214889,51.8333333333
2018-12-11 00:11:33.224396,52.1666666667
2018-12-11 00:11:34.234851,52.25
2018-12-11 00:11:35.245466,52.0833333333
2018-12-11 00:11:36.255695,52.0
2018-12-11 00:11:37.265592,51.75
2018-12-11 00:11:38.276161,52.0833333333
2018-12-11 00:11:39.285978,51.6666666667
2018-12-11 00:11:40.295297,51.75
2018-12-11 00:11:41.306321,52.1666666667
2018-12-11 00:11:42.316178,52.5
2018-12-11 00:11:43.323629,55.0833333333
2018-12-11 00:11:44.334066,52.6666666667
2018-12-11 00:11:45.342402,55.0833333333
2018-12-11 00:11:46.352385,52.5833333333
2018-12-11 00:11:47.362568,52.0833333333
2018-12-11 00:11:48.373161,52.3333333333
2018-12-11 00:11:49.383698,52.0
2018-12-11 00:11:50.391065,52.1666666667
2018-12-11 00:11:51.399565,52.5833333333
2018-12-11 00:11:52.410080,51.6666666667
2018-12-11 00:11:53.419416,52.5833333333
2018-12-11 00:11:54.429171,51.6666666667
2018-12-11 00:11:55.438382,52.3333333333
2018-12-11 00:11:56.448104,52.1666666667
2018-12-11 00:11:57.458168,52.3333333333
2018-12-11 00:11:58.466679,52.8333333333
2018-12-11 00:11:59.475555,51.8333333333
2018-12-11 00:12:00.484648,52.0
2018-12-11 00:12:01.494268,51.8333333333
2018-12-11 00:12:02.504587,52.1666666667
2018-12-11 00:12:03.513825,51.75
2018-12-11 00:12:04.523866,51.8333333333
2018-12-11 00:12:05.533668,51.6666666667
2018-12-11 00:12:06.545091,52.25
2018-12-11 00:12:07.554620,51.9166666667
2018-12-11 00:12:08.566359,52.25
2018-12-11 00:12:09.576962,51.75
2018-12-11 00:12:10.588374,52.1666666667
2018-12-11 00:12:11.598087,52.25
2018-12-11 00:12:12.609936,52.0833333333
2018-12-11 00:12:13.629020,55.3333333333
2018-12-11 00:12:14.638273,52.75
2018-12-11 00:12:15.648833,52.6666666667
2018-12-11 00:12:16.658856,52.5833333333
2018-12-11 00:12:17.669030,52.1666666667
2018-12-11 00:12:18.678402,52.4166666667
2018-12-11 00:12:19.688992,52.4166666667
2018-12-11 00:12:20.700053,51.6666666667
2018-12-11 00:12:21.707217,53.5833333333
2018-12-11 00:12:22.717369,51.9166666667
2018-12-11 00:12:23.726727,52.3333333333
2018-12-11 00:12:24.735379,53.1666666667
2018-12-11 00:12:25.745399,52.0833333333
2018-12-11 00:12:26.753419,52.5
2018-12-11 00:12:27.763505,52.1666666667
2018-12-11 00:12:28.773223,52.1666666667
2018-12-11 00:12:29.782583,53.5833333333
2018-12-11 00:12:30.792989,52.3333333333
2018-12-11 00:12:31.802940,52.6666666667
2018-12-11 00:12:32.811950,53.0
2018-12-11 00:12:33.821942,52.75
2018-12-11 00:12:34.833011,53.0
2018-12-11 00:12:35.843365,52.75
2018-12-11 00:12:36.853651,52.1666666667
2018-12-11 00:12:37.864425,53.5833333333
2018-12-11 00:12:38.875486,52.5
2018-12-11 00:12:39.919717,61.25
2018-12-11 00:12:40.946860,55.3333333333
2018-12-11 00:12:41.960367,55.0833333333
2018-12-11 00:12:42.971845,55.4166666667
2018-12-11 00:12:43.983896,52.8333333333
2018-12-11 00:12:44.998803,55.5833333333
2018-12-11 00:12:46.009339,53.3333333333
2018-12-11 00:12:47.024440,56.5
2018-12-11 00:12:48.037224,53.0
2018-12-11 00:12:49.050074,56.9166666667
2018-12-11 00:12:50.060193,53.3333333333
2018-12-11 00:12:51.071057,56.0833333333
2018-12-11 00:12:52.083024,52.75
2018-12-11 00:12:53.090988,56.8333333333
2018-12-11 00:12:54.101176,53.1666666667
2018-12-11 00:12:55.110498,54.9166666667
2018-12-11 00:12:56.119788,53.0
2018-12-11 00:12:57.128331,57.8333333333
2018-12-11 00:12:58.137893,53.1666666667
2018-12-11 00:12:59.148131,54.75
2018-12-11 00:13:00.157915,53.5
2018-12-11 00:13:01.169054,53.5833333333
2018-12-11 00:13:02.178980,53.4166666667
2018-12-11 00:13:03.186116,57.4166666667
2018-12-11 00:13:04.197630,52.8333333333
2018-12-11 00:13:05.207618,58.6666666667
2018-12-11 00:13:06.218042,53.0
2018-12-11 00:13:07.226501,58.8333333333
2018-12-11 00:13:08.236215,53.75
2018-12-11 00:13:09.243762,56.75
2018-12-11 00:13:10.254614,53.6666666667
2018-12-11 00:13:11.264680,54.9166666667
2018-12-11 00:13:12.274078,53.0833333333
2018-12-11 00:13:13.284129,54.0
2018-12-11 00:13:14.294104,52.5
2018-12-11 00:13:15.304872,54.6666666667
2018-12-11 00:13:16.314976,53.1666666667
2018-12-11 00:13:17.325491,53.9166666667
2018-12-11 00:13:18.335254,53.4166666667
2018-12-11 00:13:19.346181,53.8333333333
2018-12-11 00:13:20.356170,53.5833333333
2018-12-11 00:13:21.366127,53.75
2018-12-11 00:13:22.376192,53.25
2018-12-11 00:13:23.385965,53.5833333333
2018-12-11 00:13:24.395629,52.75
2018-12-11 00:13:25.405424,53.9166666667
2018-12-11 00:13:26.415789,52.6666666667
2018-12-11 00:13:27.425963,53.4166666667
2018-12-11 00:13:28.435486,53.5
2018-12-11 00:13:29.445157,54.0833333333
2018-12-11 00:13:30.455513,53.5
2018-12-11 00:13:31.466331,53.5833333333
2018-12-11 00:13:32.476222,53.25
2018-12-11 00:13:33.486759,53.4166666667
2018-12-11 00:13:34.497063,53.3333333333
2018-12-11 00:13:35.507368,52.9166666667
2018-12-11 00:13:36.517558,53.1666666667
2018-12-11 00:13:37.527149,53.1666666667
2018-12-11 00:13:38.535865,54.1666666667
2018-12-11 00:13:39.543986,57.6666666667
2018-12-11 00:13:40.552255,54.1666666667
2018-12-11 00:13:41.563814,53.5
2018-12-11 00:13:42.572752,53.0
2018-12-11 00:13:43.583651,53.3333333333
2018-12-11 00:13:44.594034,52.9166666667
2018-12-11 00:13:45.604128,54.0833333333
2018-12-11 00:13:46.613451,52.75
2018-12-11 00:13:47.623659,53.9166666667
2018-12-11 00:13:48.634260,52.75
2018-12-11 00:13:49.645821,53.5
2018-12-11 00:13:50.656046,52.6666666667
2018-12-11 00:13:51.665918,53.4166666667
2018-12-11 00:13:52.676001,52.75
2018-12-11 00:13:53.686780,53.25
2018-12-11 00:13:54.696428,52.5
2018-12-11 00:13:55.706559,53.3333333333
2018-12-11 00:13:56.716611,52.6666666667
2018-12-11 00:13:57.727957,53.4166666667
2018-12-11 00:13:58.737662,52.5833333333
2018-12-11 00:13:59.747502,53.75
2018-12-11 00:14:00.758205,52.5833333333
2018-12-11 00:14:01.768879,54.75
2018-12-11 00:14:02.778652,52.5833333333
2018-12-11 00:14:03.788655,53.9166666667
2018-12-11 00:14:04.799873,52.75
2018-12-11 00:14:05.809723,53.8333333333
2018-12-11 00:14:06.819868,53.0833333333
2018-12-11 00:14:07.829653,53.5833333333
2018-12-11 00:14:08.839686,53.1666666667
2018-12-11 00:14:09.849822,53.5833333333
2018-12-11 00:14:10.861048,53.0
2018-12-11 00:14:11.870491,53.6666666667
2018-12-11 00:14:12.880397,53.3333333333
2018-12-11 00:14:13.889748,53.5833333333
2018-12-11 00:14:14.899591,53.1666666667
2018-12-11 00:14:15.909864,53.1666666667
2018-12-11 00:14:16.919018,53.6666666667
2018-12-11 00:14:17.929359,53.0833333333
2018-12-11 00:14:18.937689,53.8333333333
2018-12-11 00:14:19.948014,53.0
2018-12-11 00:14:20.959204,53.3333333333
2018-12-11 00:14:21.969605,52.8333333333
2018-12-11 00:14:22.979372,53.25
2018-12-11 00:14:23.990183,53.0
2018-12-11 00:14:25.000658,53.25
2018-12-11 00:14:26.011469,52.75
2018-12-11 00:14:27.021580,52.6666666667
2018-12-11 00:14:28.030735,53.4166666667
2018-12-11 00:14:29.041610,52.8333333333
2018-12-11 00:14:30.052034,53.5
2018-12-11 00:14:31.081857,53.9166666667
2018-12-11 00:14:32.093134,53.3333333333
2018-12-11 00:14:33.110725,56.4166666667
2018-12-11 00:14:34.121350,53.0833333333
2018-12-11 00:14:35.134456,56.0833333333
2018-12-11 00:14:36.143051,53.75
2018-12-11 00:14:37.160242,56.0
2018-12-11 00:14:38.170235,53.4166666667
2018-12-11 00:14:39.186876,56.5833333333
2018-12-11 00:14:40.198248,53.25
2018-12-11 00:14:41.210064,57.25
2018-12-11 00:14:42.221742,52.9166666667
2018-12-11 00:14:43.233100,55.8333333333
2018-12-11 00:14:44.243768,53.75
2018-12-11 00:14:45.253962,57.5833333333
2018-12-11 00:14:46.264335,53.5833333333
2018-12-11 00:14:47.273017,55.9166666667
2018-12-11 00:14:48.282796,52.8333333333
2018-12-11 00:14:49.292577,57.3333333333
2018-12-11 00:14:50.302986,52.8333333333
2018-12-11 00:14:51.311402,57.0
2018-12-11 00:14:52.321587,53.6666666667
2018-12-11 00:14:53.331423,54.5
2018-12-11 00:14:54.341242,53.4166666667
2018-12-11 00:14:55.348107,56.0833333333
2018-12-11 00:14:56.358036,53.0
2018-12-11 00:14:57.367215,58.0
2018-12-11 00:14:58.376235,53.4166666667
2018-12-11 00:14:59.383018,56.1666666667
2018-12-11 00:15:00.392075,53.3333333333
2018-12-11 00:15:01.398666,57.9166666667
2018-12-11 00:15:02.409157,53.1666666667
2018-12-11 00:15:03.418068,55.4166666667
2018-12-11 00:15:04.427480,53.4166666667
2018-12-11 00:15:05.437589,54.0
2018-12-11 00:15:06.447734,53.5833333333
2018-12-11 00:15:07.457758,54.0
2018-12-11 00:15:08.469015,53.5833333333
2018-12-11 00:15:09.478510,53.4166666667
2018-12-11 00:15:10.490242,53.25
2018-12-11 00:15:11.500566,53.8333333333
2018-12-11 00:15:12.511255,53.5833333333
2018-12-11 00:15:13.520709,53.5833333333
2018-12-11 00:15:14.530216,53.0833333333
2018-12-11 00:15:15.540298,53.8333333333
2018-12-11 00:15:16.550985,53.6666666667
2018-12-11 00:15:17.561674,53.3333333333
2018-12-11 00:15:18.572095,53.5
2018-12-11 00:15:19.582195,53.75
2018-12-11 00:15:20.593137,53.4166666667
2018-12-11 00:15:21.604876,53.6666666667
2018-12-11 00:15:22.615802,53.25
2018-12-11 00:15:23.625899,53.1666666667
2018-12-11 00:15:24.635658,53.4166666667
2018-12-11 00:15:25.646088,53.5
2018-12-11 00:15:26.658472,53.4166666667
2018-12-11 00:15:27.667549,54.25
2018-12-11 00:15:28.678086,53.5
2018-12-11 00:15:29.688835,53.3333333333
2018-12-11 00:15:30.700806,53.3333333333
2018-12-11 00:15:31.710311,55.4166666667
2018-12-11 00:15:32.720899,53.5
2018-12-11 00:15:33.731358,53.25
2018-12-11 00:15:34.742845,53.3333333333
2018-12-11 00:15:35.753496,53.3333333333
2018-12-11 00:15:36.763974,53.1666666667
2018-12-11 00:15:37.773699,53.3333333333
2018-12-11 00:15:38.784021,53.1666666667
2018-12-11 00:15:39.794663,53.6666666667
2018-12-11 00:15:40.804286,54.0833333333
2018-12-11 00:15:41.815924,53.5
2018-12-11 00:15:42.826081,53.0
2018-12-11 00:15:43.836954,54.0833333333
2018-12-11 00:15:44.847026,52.9166666667
2018-12-11 00:15:45.857729,53.75
2018-12-11 00:15:46.868595,52.6666666667
2018-12-11 00:15:47.878805,53.3333333333
2018-12-11 00:15:48.890100,52.75
2018-12-11 00:15:49.901236,53.5
2018-12-11 00:15:50.913107,53.0
2018-12-11 00:15:51.922198,53.5
2018-12-11 00:15:52.931047,53.5
2018-12-11 00:15:53.941201,52.8333333333
2018-12-11 00:15:54.950982,53.4166666667
2018-12-11 00:15:55.960864,53.0833333333
2018-12-11 00:15:56.970901,53.1666666667
2018-12-11 00:15:57.982404,52.9166666667
2018-12-11 00:15:58.992987,53.25
2018-12-11 00:16:00.002515,53.0
2018-12-11 00:16:01.014559,53.0
2018-12-11 00:16:02.024851,53.5
2018-12-11 00:16:03.035092,53.0
2018-12-11 00:16:04.046025,53.4166666667
2018-12-11 00:16:05.056530,52.8333333333
2018-12-11 00:16:06.065865,53.25
2018-12-11 00:16:07.090179,53.0
2018-12-11 00:16:08.098991,55.5
2018-12-11 00:16:09.109121,53.6666666667
2018-12-11 00:16:10.119358,53.0833333333
2018-12-11 00:16:11.129731,53.6666666667
2018-12-11 00:16:12.140204,53.0
2018-12-11 00:16:13.151807,53.5833333333
2018-12-11 00:16:14.162822,53.1666666667
2018-12-11 00:16:15.172679,53.6666666667
2018-12-11 00:16:16.183556,53.3333333333
2018-12-11 00:16:17.193629,53.75
2018-12-11 00:16:18.204924,52.75
2018-12-11 00:16:19.215173,53.3333333333
2018-12-11 00:16:20.225883,54.0
2018-12-11 00:16:21.244900,54.75
2018-12-11 00:16:22.255486,54.0833333333
2018-12-11 00:16:23.268707,55.0833333333
2018-12-11 00:16:24.278258,53.9166666667
2018-12-11 00:16:25.294820,54.75
2018-12-11 00:16:26.306065,52.9166666667
2018-12-11 00:16:27.316686,56.9166666667
2018-12-11 00:16:28.327696,52.8333333333
2018-12-11 00:16:29.335431,56.3333333333
2018-12-11 00:16:30.345734,52.9166666667
2018-12-11 00:16:31.355539,57.0833333333
2018-12-11 00:16:32.365972,53.5833333333
2018-12-11 00:16:33.375280,56.0833333333
2018-12-11 00:16:34.385911,53.25
2018-12-11 00:16:35.394699,57.1666666667
2018-12-11 00:16:36.405117,53.0833333333
2018-12-11 00:16:37.412389,56.75
2018-12-11 00:16:38.422544,52.8333333333
2018-12-11 00:16:39.430473,56.9166666667
2018-12-11 00:16:40.440948,53.1666666667
2018-12-11 00:16:41.447997,56.0833333333
2018-12-11 00:16:42.457395,53.4166666667
2018-12-11 00:16:43.466663,54.1666666667
2018-12-11 00:16:44.476295,53.1666666667
2018-12-11 00:16:45.483396,58.25
2018-12-11 00:16:46.494083,53.25
2018-12-11 00:16:47.504698,55.3333333333
2018-12-11 00:16:48.512404,53.3333333333
2018-12-11 00:16:49.519775,57.5
2018-12-11 00:16:50.529593,53.4166666667
2018-12-11 00:16:51.540026,54.1666666667
2018-12-11 00:16:52.548969,54.3333333333
2018-12-11 00:16:53.558255,53.6666666667
2018-12-11 00:16:54.569027,53.1666666667
2018-12-11 00:16:55.577267,55.25
2018-12-11 00:16:56.588772,52.8333333333
2018-12-11 00:16:57.600133,54.4166666667
2018-12-11 00:16:58.609889,52.75
2018-12-11 00:16:59.620727,55.3333333333
2018-12-11 00:17:00.630866,52.8333333333
2018-12-11 00:17:01.642114,54.0833333333
2018-12-11 00:17:02.652971,52.8333333333
2018-12-11 00:17:03.664105,53.9166666667
2018-12-11 00:17:04.674437,52.75
2018-12-11 00:17:05.684694,53.8333333333
2018-12-11 00:17:06.695404,53.0
2018-12-11 00:17:07.703988,53.6666666667
2018-12-11 00:17:08.714271,52.5833333333
2018-12-11 00:17:09.724199,54.0
2018-12-11 00:17:10.734796,52.8333333333
2018-12-11 00:17:11.745448,53.75
2018-12-11 00:17:12.755449,52.6666666667
2018-12-11 00:17:13.765641,53.25
2018-12-11 00:17:14.775364,52.75
2018-12-11 00:17:15.785751,53.3333333333
2018-12-11 00:17:16.795509,53.4166666667
2018-12-11 00:17:17.805632,53.0
2018-12-11 00:17:18.815301,53.8333333333
2018-12-11 00:17:19.825701,53.0
2018-12-11 00:17:20.836131,53.3333333333
2018-12-11 00:17:21.846884,53.5
2018-12-11 00:17:22.856847,53.4166666667
2018-12-11 00:17:23.866908,53.4166666667
2018-12-11 00:17:24.877634,52.6666666667
2018-12-11 00:17:25.889102,53.75
2018-12-11 00:17:26.899464,53.0833333333
2018-12-11 00:17:27.908843,52.9166666667
2018-12-11 00:17:28.918467,53.0
2018-12-11 00:17:29.928650,53.25
2018-12-11 00:17:30.937904,53.25
2018-12-11 00:17:31.947781,53.75
2018-12-11 00:17:32.957402,53.0
2018-12-11 00:17:33.967478,54.0
2018-12-11 00:17:34.976885,52.6666666667
2018-12-11 00:17:35.986689,53.0
2018-12-11 00:17:36.998055,53.25
2018-12-11 00:17:38.008890,52.8333333333
2018-12-11 00:17:39.019130,53.0
2018-12-11 00:17:40.027036,53.0833333333
2018-12-11 00:17:41.037348,52.8333333333
2018-12-11 00:17:42.046999,54.3333333333
2018-12-11 00:17:43.060995,52.9166666667
2018-12-11 00:17:44.071097,53.25
2018-12-11 00:17:45.080868,53.3333333333
2018-12-11 00:17:46.091133,52.9166666667
2018-12-11 00:17:47.101813,53.4166666667
2018-12-11 00:17:48.112880,53.5833333333
2018-12-11 00:17:49.122291,53.1666666667
2018-12-11 00:17:50.132692,53.0
2018-12-11 00:17:51.142306,52.5833333333
2018-12-11 00:17:52.151423,53.5833333333
2018-12-11 00:17:53.162471,52.6666666667
2018-12-11 00:17:54.173127,53.5
2018-12-11 00:17:55.182717,52.5
2018-12-11 00:17:56.193001,53.25
2018-12-11 00:17:57.202837,52.6666666667
2018-12-11 00:17:58.214238,52.9166666667
2018-12-11 00:17:59.225227,52.5
2018-12-11 00:18:00.235804,54.3333333333
2018-12-11 00:18:01.246949,53.1666666667
2018-12-11 00:18:02.257078,53.3333333333
2018-12-11 00:18:03.267503,52.6666666667
2018-12-11 00:18:04.276657,52.75
2018-12-11 00:18:05.286542,53.0
2018-12-11 00:18:06.296908,52.75
2018-12-11 00:18:07.306679,53.0833333333
2018-12-11 00:18:08.317225,52.8333333333
2018-12-11 00:18:09.327666,53.25
2018-12-11 00:18:10.337107,53.0833333333
2018-12-11 00:18:11.347299,53.3333333333
2018-12-11 00:18:12.356940,52.9166666667
2018-12-11 00:18:13.367026,53.0
2018-12-11 00:18:14.378255,52.9166666667
2018-12-11 00:18:15.388756,53.25
2018-12-11 00:18:16.400306,53.0833333333
2018-12-11 00:18:17.411574,53.0833333333
2018-12-11 00:18:18.422329,52.9166666667
2018-12-11 00:18:19.447163,54.75
2018-12-11 00:18:20.457935,52.8333333333
2018-12-11 00:18:21.475407,55.0
2018-12-11 00:18:22.484995,52.75
2018-12-11 00:18:23.492047,56.0833333333
2018-12-11 00:18:24.502708,52.75
2018-12-11 00:18:25.510943,55.6666666667
2018-12-11 00:18:26.521193,52.6666666667
2018-12-11 00:18:27.536219,55.8333333333
2018-12-11 00:18:28.547228,52.75
2018-12-11 00:18:29.565681,57.0
2018-12-11 00:18:30.575374,52.75
2018-12-11 00:18:31.582688,56.75
2018-12-11 00:18:32.592937,52.6666666667
2018-12-11 00:18:33.601804,56.3333333333
2018-12-11 00:18:34.611700,52.75
2018-12-11 00:18:35.621595,56.3333333333
2018-12-11 00:18:36.632292,52.6666666667
2018-12-11 00:18:37.639943,57.1666666667
2018-12-11 00:18:38.651319,52.4166666667
2018-12-11 00:18:39.663646,55.6666666667
2018-12-11 00:18:40.674055,52.6666666667
2018-12-11 00:18:41.691571,58.25
2018-12-11 00:18:42.701961,52.3333333333
2018-12-11 00:18:43.712827,54.5833333333
2018-12-11 00:18:44.723294,52.6666666667
2018-12-11 00:18:45.731373,57.5
2018-12-11 00:18:46.742004,52.75
2018-12-11 00:18:47.752352,53.5
2018-12-11 00:18:48.762778,52.5
2018-12-11 00:18:49.774299,53.9166666667
2018-12-11 00:18:50.785144,52.5833333333
2018-12-11 00:18:51.794871,53.9166666667
2018-12-11 00:18:52.806392,52.9166666667
2018-12-11 00:18:53.816267,54.1666666667
2018-12-11 00:18:54.826463,52.5
2018-12-11 00:18:55.835553,53.1666666667
2018-12-11 00:18:56.846206,52.5
2018-12-11 00:18:57.856005,53.1666666667
2018-12-11 00:18:58.867413,52.6666666667
2018-12-11 00:18:59.877387,53.4166666667
2018-12-11 00:19:00.887454,52.5833333333
2018-12-11 00:19:01.895433,58.0
2018-12-11 00:19:02.905160,52.9166666667
2018-12-11 00:19:03.914499,53.25
2018-12-11 00:19:04.925076,53.0833333333
2018-12-11 00:19:05.935555,53.25
2018-12-11 00:19:06.945255,52.75
2018-12-11 00:19:07.954252,54.3333333333
2018-12-11 00:19:08.970647,52.6666666667
2018-12-11 00:19:09.979542,53.75
2018-12-11 00:19:10.990043,52.8333333333
2018-12-11 00:19:11.998556,54.0833333333
2018-12-11 00:19:13.009373,52.8333333333
2018-12-11 00:19:14.020072,53.3333333333
2018-12-11 00:19:15.030099,52.75
2018-12-11 00:19:16.040477,53.6666666667
2018-12-11 00:19:17.050042,52.75
2018-12-11 00:19:18.059437,53.4166666667
2018-12-11 00:19:19.069401,52.75
2018-12-11 00:19:20.079438,53.8333333333
2018-12-11 00:19:21.089258,53.25
2018-12-11 00:19:22.099631,53.3333333333
2018-12-11 00:19:23.109403,52.75
2018-12-11 00:19:24.119822,52.5
2018-12-11 00:19:25.130086,52.6666666667
2018-12-11 00:19:26.140325,52.9166666667
2018-12-11 00:19:27.150208,53.1666666667
2018-12-11 00:19:28.160167,53.3333333333
2018-12-11 00:19:29.170132,52.5
2018-12-11 00:19:30.181581,53.1666666667
2018-12-11 00:19:31.192967,52.6666666667
2018-12-11 00:19:32.202990,53.25
2018-12-11 00:19:33.212033,53.0
2018-12-11 00:19:34.222922,54.4166666667
2018-12-11 00:19:35.234537,53.3333333333
2018-12-11 00:19:36.246338,52.9166666667
2018-12-11 00:19:37.256892,52.9166666667
2018-12-11 00:19:38.266775,52.8333333333
2018-12-11 00:19:39.277296,52.9166666667
2018-12-11 00:19:40.287574,53.25
2018-12-11 00:19:41.297839,52.5833333333
2018-12-11 00:19:42.308011,53.6666666667
2018-12-11 00:19:43.318685,52.4166666667
2018-12-11 00:19:44.329269,53.0833333333
2018-12-11 00:19:45.340380,53.4166666667
2018-12-11 00:19:46.351200,53.1666666667
2018-12-11 00:19:47.362251,53.25
2018-12-11 00:19:48.374230,52.75
2018-12-11 00:19:49.385909,53.0833333333
2018-12-11 00:19:50.396161,52.8333333333
2018-12-11 00:19:51.406998,53.3333333333
2018-12-11 00:19:52.417596,52.75
2018-12-11 00:19:53.427775,53.1666666667
2018-12-11 00:19:54.438976,53.25
2018-12-11 00:19:55.449021,52.6666666667
2018-12-11 00:19:56.460014,53.5
2018-12-11 00:19:57.470079,52.5
2018-12-11 00:19:58.479950,53.1666666667
2018-12-11 00:19:59.489476,52.75
2018-12-11 00:20:00.500927,52.9166666667
2018-12-11 00:20:01.510887,53.0833333333
2018-12-11 00:20:02.522090,52.75
2018-12-11 00:20:03.532104,53.0833333333
2018-12-11 00:20:04.542441,52.8333333333
2018-12-11 00:20:05.553245,52.75
2018-12-11 00:20:06.563250,52.8333333333
2018-12-11 00:20:07.573867,53.1666666667
2018-12-11 00:20:08.583689,53.4166666667
2018-12-11 00:20:09.602749,53.25
2018-12-11 00:20:10.612667,53.1666666667
2018-12-11 00:20:11.623775,54.8333333333
2018-12-11 00:20:12.634704,52.5833333333
2018-12-11 00:20:13.650190,55.1666666667
2018-12-11 00:20:14.659704,53.6666666667
2018-12-11 00:20:15.680022,56.0833333333
2018-12-11 00:20:16.690849,53.0833333333
2018-12-11 00:20:17.702614,55.75
2018-12-11 00:20:18.711834,53.1666666667
2018-12-11 00:20:19.726454,56.5
2018-12-11 00:20:20.737749,52.5833333333
2018-12-11 00:20:21.752770,55.4166666667
2018-12-11 00:20:22.762678,52.6666666667
2018-12-11 00:20:23.770726,56.5
2018-12-11 00:20:24.781205,53.0
2018-12-11 00:20:25.789214,56.4166666667
2018-12-11 00:20:26.798890,53.0
2018-12-11 00:20:27.806729,56.3333333333
2018-12-11 00:20:28.817080,53.1666666667
2018-12-11 00:20:29.825510,54.9166666667
2018-12-11 00:20:30.836680,52.5
2018-12-11 00:20:31.845681,54.6666666667
2018-12-11 00:20:32.855610,53.0833333333
2018-12-11 00:20:33.863874,55.4166666667
2018-12-11 00:20:34.874734,52.8333333333
2018-12-11 00:20:35.885722,55.5
2018-12-11 00:20:36.896164,52.8333333333
2018-12-11 00:20:37.905921,52.8333333333
2018-12-11 00:20:38.917793,52.3333333333
2018-12-11 00:20:39.928024,52.3333333333
2018-12-11 00:20:40.939446,52.5833333333
2018-12-11 00:20:41.949648,52.0
2018-12-11 00:20:42.961547,52.75
2018-12-11 00:20:43.971854,52.1666666667
2018-12-11 00:20:44.982450,52.3333333333
2018-12-11 00:20:45.993201,52.9166666667
2018-12-11 00:20:47.005795,52.3333333333
2018-12-11 00:20:48.017245,52.9166666667
2018-12-11 00:20:49.027579,52.3333333333
2018-12-11 00:20:50.038650,52.4166666667
2018-12-11 00:20:51.047625,52.8333333333
2018-12-11 00:20:52.058685,52.0833333333
2018-12-11 00:20:53.069500,52.4166666667
2018-12-11 00:20:54.079487,52.25
2018-12-11 00:20:55.090119,51.9166666667
2018-12-11 00:20:56.101268,52.5
2018-12-11 00:20:57.112118,52.1666666667
2018-12-11 00:20:58.122759,52.0
2018-12-11 00:20:59.134359,52.3333333333
2018-12-11 00:21:00.145509,51.8333333333
